year,month,count,prior_precip
2021,6,11,219.81199999999993
2021,7,30,846.6760000000024
2021,8,66,1213.8040000000092
2021,9,38,960.0440000000036
2021,10,8,453.2739999999967
